Workbook

Sheet CONFIG
A1: UNIDAD | B1: N DE NIÑOS
A2: CASTORES
A3: LOBATOS
A4: EXPLORADORES
A5: PIONEROS
A6: RUTAS PANDORA
A7: RUTAS ICARO
A9: INSTRUCCIONES: | B9: Rellena la columna B con el número de niños de cada unidad para actualizar las cantidades dinámicas.

Sheet LISTA DE LA COMPRA
A1: MATERIAL | B1: CATEGORÍA | C1: TOTAL | D1: CASTORES | E1: LOBATOS | F1: EXPLORADORES (TROPA) | G1: PIONEROS | H1: RUTAS | I1: TIPO | J1: DETALLE (texto literal por actividad) | K1: CAJA | L1: COMPRADO ✓
A2: (De la descripción) Garbanzos dorados (rupias) | B2: Otros | C2: =SUM(D2:H2) | D2: 0 | E2: 1 | F2: 0 | G2: 0 | H2: 0 | I2: YA HAY (bases) - revisar | J2: LOBATOS - GRUPAL: Barracas - El Gran Bazar (D-26/07 tarde): «(De la descripción) Garbanzos dorados (rupias)»
A3: (Lo trae el niño) Botella de agua | B3: Otros | C3: =SUM(D3:H3) | D3: 0 | E3: 1 | F3: 0 | G3: 0 | H3: 0 | I3: YA HAY (bases) - revisar | J3: LOBATOS - Voluntariado conjunto Lobatos-Pioneros (J-23/07 mañana): «(Lo trae el niño) Botella de agua»
A4: (Se encarga la unidad) Cuadrilátero | B4: Otros | C4: =SUM(D4:H4) | D4: 0 | E4: 0 | F4: 1 | G4: 0 | H4: 0 | I4: YA HAY (bases) - revisar | J4: EXPLORADORES - FELSA (V-24/07 tarde 1): «(Se encarga la unidad) Cuadrilátero»
A5: (Se encarga la unidad) Cuadrilátero acabado | B5: Otros | C5: =SUM(D5:H5) | D5: 0 | E5: 0 | F5: 1 | G5: 0 | H5: 0 | I5: YA HAY (bases) - revisar | J5: EXPLORADORES - Inauguración de la FELSA (V-17/07 tarde 2): «(Se encarga la unidad) Cuadrilátero acabado»
A6: (Sin material listado) | B6: Otros | C6: =SUM(D6:H6) | D6: 0 | E6: 0 | F6: 0 | G6: 0 | H6: 1 | I6: YA HAY (bases) - revisar | J6: RUTAS ICARO - Stalking con Pandora y pipis (D-26/07 noche): «(Sin material listado)»
A7: 1 bote de espárragos | B7: Otros | C7: =SUM(D7:H7) | D7: 0 | E7: 0 | F7: 1 | G7: 0 | H7: 0 | I7: YA HAY (bases) - revisar | J7: EXPLORADORES - Velada de terror (X-22/07 noche): «1 bote de espárragos»
A8: 1 caja | B8: Otros | C8: =SUM(D8:H8) | D8: 0 | E8: 0 | F8: 1 | G8: 0 | H8: 0 | I8: YA HAY (bases) - revisar | J8: EXPLORADORES - Velada de terror (X-22/07 noche): «1 caja»
A9: 1 llave | B9: Otros | C9: =SUM(D9:H9) | D9: 0 | E9: 0 | F9: 1 | G9: 0 | H9: 0 | I9: YA HAY (bases) - revisar | J9: EXPLORADORES - Velada de terror (X-22/07 noche): «1 llave»
A10: 1 paquete de chía | B10: Otros | C10: =SUM(D10:H10) | D10: 0 | E10: 0 | F10: 1 | G10: 0 | H10: 0 | I10: YA HAY (bases) - revisar | J10: EXPLORADORES - Velada de terror (X-22/07 noche): «1 paquete de chía»
A11: 10 mantas | B11: Otros | C11: =SUM(D11:H11) | D11: 0 | E11: 0 | F11: 10 | G11: 0 | H11: 0 | I11: YA HAY (bases) - revisar | J11: EXPLORADORES - Velada de terror (X-22/07 noche): «10 mantas»
A12: 150 globos | B12: Otros | C12: =SUM(D12:H12) | D12: 150 | E12: 0 | F12: 0 | G12: 0 | H12: 0 | I12: YA HAY (bases) - revisar | J12: CASTORES - T.E.G.A. (Torneo de Globos) (V-17/07 tarde 2): «150 globos»
A13: 2 barreños | B13: Otros | C13: =SUM(D13:H13) | D13: 2 | E13: 0 | F13: 0 | G13: 0 | H13: 0 | I13: YA HAY (bases) - revisar | J13: CASTORES - Actividad de agua: El descenso del Ganges (V-24/07 mañana): «2 barreños»
... A40: Anillas de llavero | B40: Papeleria/manualidades | C40: =SUM(D40:H40) | D40: 0 | E40: 0 | F40: 0 | G40: 0 | H40: 1 | I40: COMPRAR | J40: RUTAS PANDORA - Miss y Mister (llaveros) (X-29/07 tarde): «Anillas de llavero»
A41: Arcilla | B41: Papeleria/manualidades | C41: =SUM(D41:H41) | D41: =CONFIG!$B$2*0.5 | E41: 0 | F41: 0 | G41: 0 | H41: 0 | I41: COMPRAR | J41: CASTORES - Taller de arcilla (S-25/07 tarde 1): «X kilos de arcilla (AÑADIR CUANDO SE SEPA Nº DE NIÑOS)»
A42: Arco | B42: Otros | C42: =SUM(D42:H42) | D42: 1 | E42: 1 | F42: 0 | G42: 0 | H42: 0 | I42: YA HAY (bases) - revisar | J42: CASTORES - Gran Juego: El Taj perdido (con Lobatos) (S-18/07 tarde 1): «Arco» LOBATOS - El Taj perdido (con Castores) (S-18/07 tarde 1): «Arco»
A43: Arena fina | B43: Otros | C43: =SUM(D43:H43) | D43: 0 | E43: 1 | F43: 0 | G43: 0 | H43: 1 | I43: YA HAY (bases) - revisar | J43: LOBATOS - Clan Ícaro: brújula casera y potabilizar (V-24/07 tarde 1): «Arena fina» RUTAS ICARO - Técnicas scouts (brújula casera, potabilizar) (V-24/07): «Arena fina»
A44: Arena gruesa | B44: Otros | C44: =SUM(D44:H44) | D44: 0 | E44: 1 | F44: 0 | G44: 0 | H44: 1 | I44: YA HAY (bases) - revisar | J44: LOBATOS - Clan Ícaro: brújula casera y potabilizar (V-24/07 tarde 1): «Arena gruesa» RUTAS ICARO - Técnicas scouts (brújula casera, potabilizar) (V-24/07): «Arena gruesa»
A45: Aros de plástico | B45: Juegos/deporte | C45: =SUM(D45:H45) | D45: 0 | E45: 3 | F45: 0 | G45: 0 | H45: 2 | I45: YA HAY (bases) - revisar | J45: LOBATOS - De aventura en la India (V-17/07 tarde 2): «Aros» LOBATOS - Actividad lobatos (Clan Ícaro - Charlie y David) (J-23/07 tarde 2): «Un palo/algo para meter aros» LOBATOS - Actividad lobatos (Clan Ícaro - Charlie y David) (J-23/07 tarde 2): «Aros» RUTAS ICARO - Actividad para Lobatos (Charlie y David) (J-23/07): «Un palo para meter aros» RUTAS ICARO - Actividad para Lobatos (Charlie y David) (J-23/07): «Aros»
A46: Awen (peluche castor) | B46: Otros | C46: =SUM(D46:H46) | D46: 1 | E46: 0 | F46: 0 | G46: 0 | H46: 0 | I46: YA HAY (bases) - revisar | J46: CASTORES - Consejo de troncos (V-24/07 noche): «Awen (peluche castor)»
A47: Balde | B47: Otros | C47: =SUM(D47:H47) | D47: 1 | E47: 1 | F47: 0 | G47: 1 | H47: 2 | I47: YA HAY (bases) - revisar | J47: CASTORES - Gran Juego: El Taj perdido (con Lobatos) (S-18/07 tarde 1): «Balde» LOBATOS - El Taj perdido (con Castores) (S-18/07 tarde 1): «Balde» PIONEROS - Actividad Clan Ícaro - Drogas (S-18/07 tarde 1): «Balde» RUTAS PANDORA - Actividad de adicciones con pipis (J-16/07): «Balde» RUTAS ICARO - Taller para Pioneros - Drogas (S-18/07): «Balde»
A48: Balde de agua | B48: Otros | C48: =SUM(D48:H48) | D48: 0 | E48: 1 | F48: 0 | G48: 0 | H48: 0 | I48: YA HAY (bases) - revisar | J48: LOBATOS - GRUPAL: Barracas - El Gran Bazar (D-26/07 tarde): «Balde de agua»
A49: Balones y pelotas deportivas / Petanca | B49: Juegos/deporte | C49: =SUM(D49:H49) | D49: 1 | E49: 8 | F49: 3 | G49: 4 | H49: 7 | I49: YA HAY (bases) - revisar | J49: CASTORES - Normas de campamento + juegos (J-16/07 tarde 2): «Balón» LOBATOS - Juegos (J-16/07 tarde 2): «Balón goma espuma» LOBATOS - Juegos India (V-17/07 mañana): «Pelota de tenis» LOBATOS - De aventura en la India (V-17/07 tarde 2): «Pelota blanda» LOBATOS - El amuleto del elefante sagrado (orientación) (X-22/07 tarde): «Balón blando» LOBATOS - Actividad lobatos (Clan Ícaro - Charlie y David) (J-23/07 tarde 2): «Set de petanca» LOBATOS - Gymkana de agua (V-24/07 mañana): «Pelotas de pin pon 10» LOBATOS - Lobatolimpiadas (S-25/07 tarde 2): «Pelota volley» LOBATOS - GRUPAL: Barracas - El Gran Bazar (D-26/07 tarde): «Pelotas de ping pong» EXPLORADORES - Actividad Clan Ícaro (Trivial) (X-22/07 tarde 1): «Balón» EXPLORADORES - Actividad Clan Ícaro (Trivial) (X-22/07 tarde 1): «Pelotas de pin pon» EXPLORADORES - Jugger (X-22/07 tarde 2): «Pelota jugger» PIONEROS - Gymkhana deportes (V-17/07 tarde): «Palas de playa y pelota» PIONEROS - Gymkhana deportes (V-17/07 tarde): «Petanca» PIONEROS - Juegos de agua (J-23/07 tarde 1): «Balones blanditos para agua» PIONEROS - Velada NNEE (S-25/07 noche): «Petanca» RUTAS ICARO - Actividad moverse (Charlie) (S-18/07): «Pelotas» RUTAS ICARO - Actividad para Tropa: Trivial (X-22/07): «Balón» RUTAS ICARO - Actividad para Tropa: Trivial (X-22/07): «Pelotas de pin pon» RUTAS ICARO - Actividad para Lobatos (Charlie y David) (J-23/07): «Set de petanca» RUTAS ICARO - Jugger con Pandora (S-25/07): «Balón de rugby» RUTAS ICARO - OLIMPIADAS (grupal) (X-29/07 mañana): «Balón» RUTAS ICARO - OLIMPIADAS (grupal) (X-29/07 mañana): «Pelotas de pin-pon»
A50: Bancos | B50: Otros | C50: =SUM(D50:H50) | D50: 0 | E50: 1 | F50: 0 | G50: 0 | H50: 0 | I50: YA HAY (bases) - revisar | J50: LOBATOS - De aventura en la India (V-17/07 tarde 2): «Bancos»
A51: Bancos del comedor | B51: Otros | C51: =SUM(D51:H51) | D51: 0 | E51: 0 | F51: 0 | G51: 0 | H51: 1 | I51: YA HAY (bases) - revisar | J51: RUTAS ICARO - OLIMPIADAS (grupal) (X-29/07 mañana): «Bancos del comedor»
A52: Bancos, mesa (circuito) | B52: Otros | C52: =SUM(D52:H52) | D52: 0 | E52: 0 | F52: 0 | G52: 1 | H52: 0 | I52: YA HAY (bases) - revisar | J52: PIONEROS - Gymkhana deportes (V-17/07 tarde): «Bancos, mesa (circuito)»
A53: Bandera de castores | B53: Otros | C53: =SUM(D53:H53) | D53: 2 | E53: 0 | F53: 0 | G53: 0 | H53: 0 | I53: YA HAY (bases) - revisar | J53: CASTORES - Montaje de tiendas (J-16/07 mañana): «Bandera de castores» CASTORES - Construcciones zona común (V-17/07 mañana): «Bandera de castores»
... A75: Cartulina para el himno | B75: Papeleria/manualidades | C75: =SUM(D75:H75) | D75: 0 | E75: 1 | F75: 0 | G75: 0 | H75: 0 | I75: COMPRAR | J75: LOBATOS - ILLRA (L-20/07 tarde): «Cartulina para el himno»
A76: Cartulinas A4 de colores | B76: Papeleria/manualidades | C76: =SUM(D76:H76) | D76: 2 | E76: =CONFIG!$B$3 | F76: 0 | G76: 0 | H76: 1 | I76: COMPRAR | J76: CASTORES - Actividad Clan Ícaro (X-22/07 tarde 2): «Cartulina» CASTORES - Talleres pinza (Bolsa de juegos): «Cartulina» LOBATOS - Territorios (V-17/07 tarde 1): «Cartulinas A4» RUTAS ICARO - Actividad para Castores (X-22/07): «Cartulina»
A77: Cartulinas amarillas 2 A4 | B77: Papeleria/manualidades | C77: =SUM(D77:H77) | D77: 0 | E77: 0 | F77: 0 | G77: 1 | H77: 0 | I77: COMPRAR | J77: PIONEROS - Taller de estrellas (V-17/07 noche): «Cartulinas amarillas 2 A4»
A78: Cartulinas de colores A4 (1 por niño) | B78: Papeleria/manualidades | C78: =SUM(D78:H78) | D78: 1 | E78: 0 | F78: 0 | G78: 0 | H78: 0 | I78: COMPRAR | J78: CASTORES - Taller de sobres y cartas (Bolsa de juegos): «Cartulinas de colores A4 (1 por niño)»
A79: Cartulinas negras | B79: Papeleria/manualidades | C79: =SUM(D79:H79) | D79: 0 | E79: 20 | F79: 0 | G79: 0 | H79: 0 | I79: COMPRAR | J79: LOBATOS - Taller de estrellas (X-22/07 noche): «20 cartulinas negras»
A80: Cascos inalámbricos y un móvil (o tapones) | B80: Otros | C80: =SUM(D80:H80) | D80: 0 | E80: 0 | F80: 0 | G80: 0 | H80: 1 | I80: YA HAY (bases) - revisar | J80: RUTAS PANDORA - Cocina con hándicaps (gyozas/empanadillas) (J-23/07): «Cascos inalámbricos y un móvil (o tapones)»
A81: Casquería (texturas, en descripción) | B81: Otros | C81: =SUM(D81:H81) | D81: 1 | E81: 0 | F81: 0 | G81: 0 | H81: 0 | I81: YA HAY (bases) - revisar | J81: CASTORES - Entrenamiento Caza Gamusino (M-21/07 tarde 1): «Casquería (texturas, en descripción)»
A82: Celo | B82: Papeleria/manualidades | C82: =SUM(D82:H82) | D82: 2 | E82: 1 | F82: 0 | G82: 1 | H82: 0 | I82: COMPRAR | J82: CASTORES - Normas de campamento + juegos (J-16/07 tarde 2): «Celo gordo» CASTORES - T.E.G.A. (Torneo de Globos) (V-17/07 tarde 2): «Celo» LOBATOS - Taller de pulseras (D-19/07 tarde): «Celo» PIONEROS - Pulseras (Lluvia): «Celo»
A83: Cerillas o mechero | B83: Otros | C83: =SUM(D83:H83) | D83: 0 | E83: 0 | F83: 0 | G83: 0 | H83: 1 | I83: YA HAY (bases) - revisar | J83: RUTAS PANDORA - Acampada volante (x3 días) (D-19 a M-21/07): «Cerillas o mechero»
A84: Cerillas/mecheros | B84: Otros | C84: =SUM(D84:H84) | D84: 0 | E84: 0 | F84: 0 | G84: 0 | H84: 1 | I84: YA HAY (bases) - revisar | J84: RUTAS PANDORA - Línea de la vida (Volante noche): «Cerillas/mecheros»
A85: Chalecos | B85: Otros | C85: =SUM(D85:H85) | D85: 0 | E85: 0 | F85: 1 | G85: 1 | H85: 5 | I85: YA HAY (bases) - revisar | J85: EXPLORADORES - Volante (x3 días) (D-19 a M-21/07): «Chalecos» PIONEROS - Volantes (x3 días) (D-19 a M-21/07): «Chalecos» RUTAS PANDORA - Acampada volante (x3 días) (D-19 a M-21/07): «Chalecos» RUTAS PANDORA - Raids (L-27 a M-28/07): «Chalecos» RUTAS ICARO - Preparación volantes (S-18/07 noche): «Chalecos» RUTAS ICARO - Volantes (x3 días) (D-19 a M-21/07): «Chalecos» RUTAS ICARO - Voluntariado Manuela (J-23/07): «Chalecos»
A86: Chalecos reflectantes | B86: Otros | C86: =SUM(D86:H86) | D86: 0 | E86: 0 | F86: 1 | G86: 0 | H86: 1 | I86: YA HAY (bases) - revisar | J86: EXPLORADORES - Servicio en el pueblo (J-23/07 mañana): «Chalecos reflectantes» RUTAS ICARO - Raids (L-27 a M-28/07): «Chalecos reflectantes»
A87: Chalecos reflectantes 1 por explorador y kraalete | B87: Otros | C87: =SUM(D87:H87) | D87: 0 | E87: 0 | F87: 1 | G87: 0 | H87: 0 | I87: YA HAY (bases) - revisar | J87: EXPLORADORES - Raids (L-27/07): «Chalecos reflectantes 1 por explorador y kraalete»
A88: Chapa naranja (vueltas de pañoleta) | B88: Otros | C88: =SUM(D88:H88) | D88: 1 | E88: 0 | F88: 0 | G88: 0 | H88: 0 | I88: YA HAY (bases) - revisar | J88: CASTORES - Consejo de troncos (V-24/07 noche): «Chapa naranja (vueltas de pañoleta)»
... A105: Corchera | B105: Otros | C105: =SUM(D105:H105) | D105: 0 | E105: 0 | F105: 2 | G105: 0 | H105: 0 | I105: YA HAY (bases) - revisar | J105: EXPLORADORES - Inauguración de la FELSA (V-17/07 tarde 2): «Corchera» EXPLORADORES - FELSA (V-24/07 tarde 1): «Corchera»
A106: Cordino | B106: Papeleria/manualidades | C106: =SUM(D106:H106) | D106: =CONFIG!$B$2*1.5 | E106: 0 | F106: =CONFIG!$B$4*1.5 | G106: 1 | H106: 2 | I106: COMPRAR | J106: EXPLORADORES - Miss y Mister: sacos de especias (M-29/07 tarde 1): «40cm de cordino por niño» EXPLORADORES - Evaluación (cuentas) (M-29/07 tarde 2): «60cm de cordino por niño (oscuro mejor)» PIONEROS - Pulseras (L-20/07 noche): «Cordino y cuerda para pulseras y trenzas de pelo» RUTAS ICARO - Construcciones (J-16/07): «Cordino para bandera» RUTAS ICARO - Volantes (x3 días) (D-19 a M-21/07): «Cordino»
A107: Crema de protección solar / Aftersun | B107: Higiene/limpieza | C107: =SUM(D107:H107) | D107: 1 | E107: 4 | F107: 0 | G107: 1 | H107: 0 | I107: LO TRAE EL NINO | J107: CASTORES - Acampada volante (x3 días) (D-19 a M-21/07): «Crema solar» LOBATOS - Ruta volante (x3 días) (D-19 a M-21/07): «Crema solar» LOBATOS - Taller de relajación (M-21/07 tarde 2): «Crema hidratante» LOBATOS - Voluntariado conjunto Lobatos-Pioneros (J-23/07 mañana): «Protector solar» LOBATOS - Piscina pueblo (con Pioneros) (J-23/07 día): «Protector solar» PIONEROS - Relax (M-21/07 tarde 2): «Cremita aftersun»
A108: Cubitera x2 | B108: Otros | C108: =SUM(D108:H108) | D108: 0 | E108: 0 | F108: 2 | G108: 0 | H108: 0 | I108: YA HAY (bases) - revisar | J108: EXPLORADORES - Scape room (S-25/07 tarde 1): «Cubitera x2»
A109: Cubo grande de colores (barreño) | B109: Otros | C109: =SUM(D109:H109) | D109: 0 | E109: 0 | F109: 0 | G109: 1 | H109: 0 | I109: YA HAY (bases) - revisar | J109: PIONEROS - Juegos de agua (J-23/07 tarde 1): «Cubo grande de colores (barreño)»
A110: Cubos de agua 6 | B110: Otros | C110: =SUM(D110:H110) | D110: 0 | E110: 1 | F110: 0 | G110: 0 | H110: 0 | I110: YA HAY (bases) - revisar | J110: LOBATOS - Gymkana de agua (V-24/07 mañana): «Cubos de agua 6»
A111: Cubos de plástico | B111: Otros | C111: =SUM(D111:H111) | D111: 0 | E111: 1 | F111: 0 | G111: 0 | H111: 0 | I111: YA HAY (bases) - revisar | J111: LOBATOS - GRUPAL: Gran Juego (S-18/07 mañana): «Cubos de plástico»
A112: Cuentas amarillas, verdes y rojas | B112: Papeleria/manualidades | C112: =SUM(D112:H112) | D112: 0 | E112: 0 | F112: =CONFIG!$B$4*30 | G112: 0 | H112: 0 | I112: COMPRAR | J112: EXPLORADORES - Evaluación (cuentas) (M-29/07 tarde 2): «Cuentas amarillas, verdes y rojas (~30 por niño, más verdes)»
A113: Cuerda (gorda mejor) y una rueda/algo que pese | B113: Otros | C113: =SUM(D113:H113) | D113: 0 | E113: 1 | F113: 0 | G113: 0 | H113: 0 | I113: YA HAY (bases) - revisar | J113: LOBATOS - Actividad lobatos (Clan Ícaro - Charlie y David) (J-23/07 tarde 2): «Cuerda (gorda mejor) y una rueda/algo que pese»
A114: Cuerda de pulsera de encoger y estirar negra | B114: Otros | C114: =SUM(D114:H114) | D114: 0 | E114: 1 | F114: 0 | G114: 0 | H114: 0 | I114: YA HAY (bases) - revisar | J114: LOBATOS - El amuleto del elefante sagrado (orientación) (X-22/07 tarde): «Cuerda de pulsera de encoger y estirar negra»
A115: Cuerda gorda (sogatira) | B115: Otros | C115: =SUM(D115:H115) | D115: 0 | E115: 0 | F115: 0 | G115: 1 | H115: 0 | I115: YA HAY (bases) - revisar | J115: PIONEROS - Gymkhana deportes (V-17/07 tarde): «Cuerda gorda (sogatira)»
A116: Cuerda gorda y una rueda/algo que pese | B116: Otros | C116: =SUM(D116:H116) | D116: 0 | E116: 0 | F116: 0 | G116: 0 | H116: 1 | I116: YA HAY (bases) - revisar | J116: RUTAS ICARO - Actividad para Lobatos (Charlie y David) (J-23/07): «Cuerda gorda y una rueda/algo que pese»
A117: Cuerda gruesa (ni soga ni pita) | B117: Otros | C117: =SUM(D117:H117) | D117: 0 | E117: 0 | F117: 1 | G117: 0 | H117: 0 | I117: YA HAY (bases) - revisar | J117: EXPLORADORES - Construcciones adicionales (V-17/07 tarde 1): «Cuerda gruesa (ni soga ni pita)»
A118: Cuerda pita | B118: Construccion/herramientas | C118: =SUM(D118:H118) | D118: 5 | E118: 9 | F118: 53 | G118: 100 | H118: 5 | I118: COMPRAR | J118: CASTORES - Montaje de tiendas (J-16/07 mañana): «Cuerda pita- 2 rollos» CASTORES - Construcciones zona común (V-17/07 mañana): «Cuerda pita- 2 rollos» CASTORES - Taller de arcilla (S-25/07 tarde 1): «Cuerda pita (por si alguno hace collar)» LOBATOS - Construcción de parcela (J-16/07 tarde 1): «Cuerda pita» LOBATOS - Territorios (V-17/07 tarde 1): «Cuerda pita (1m)» LOBATOS - Taller de estrellas (X-22/07 noche): «Cuerda pita» LOBATOS - Clan Ícaro: brújula casera y potabilizar (V-24/07 tarde 1): «Cuerda» LOBATOS - Sport & Scouts (con Exploradores) (V-24/07 tarde 2): «Cuerda pita y lona» LOBATOS - Hotel de insectos (M-28/07 mañana): «Cuerda pita (2 rollos)» LOBATOS - Olimpiadas tarde + vivacs (M-28/07 tarde-noche): «Cuerda» LOBATOS - Olimpiadas tarde + vivacs (M-28/07 tarde-noche): «Cuerda pita» EXPLORADORES - Actividad maristas (L-20/07 tarde): «Cuerda pita (unos metros)» EXPLORADORES - Sport & Scouts (con Lobatos) (V-24/07 tarde 2): «Cuerda pita y lona» EXPLORADORES - Scape room (S-25/07 tarde 1): «Cuerda» EXPLORADORES - Preparación de raids (D-26/07 noche): «Cuerda pita x50 metros» PIONEROS - Construcciones (J-16 y V-17/07): «100m cuerda pita» RUTAS PANDORA - PPV (V-17/07): «Cuerda» RUTAS ICARO - Construcciones (J-16/07): «Cuerda pita» RUTAS ICARO - Actividad moverse (Charlie) (S-18/07): «Cuerda» RUTAS ICARO - Técnicas scouts (brújula casera, potabilizar) (V-24/07): «Cuerda» RUTAS ICARO - OLIMPIADAS (grupal) (X-29/07 mañana): «Cuerda pita»
A119: Cuerdas largas (2-3) | B119: Otros | C119: =SUM(D119:H119) | D119: 0 | E119: 1 | F119: 0 | G119: 0 | H119: 0 | I119: YA HAY (bases) - revisar | J119: LOBATOS - GRUPAL: Día guarro (X-22/07 día): «Cuerdas largas (2-3)»
A120: Cámara de fotos | B120: Otros | C120: =SUM(D120:H120) | D120: 0 | E120: 0 | F120: 0 | G120: 1 | H120: 0 | I120: YA HAY (bases) - revisar | J120: PIONEROS - Carrera de orientación (X-22/07 tarde): «Cámara de fotos»
A121: Dado gigante | B121: Otros | C121: =SUM(D121:H121) | D121: 0 | E121: 1 | F121: 0 | G121: 0 | H121: 0 | I121: YA HAY (bases) - revisar | J121: LOBATOS - GRUPAL: Barracas - El Gran Bazar (D-26/07 tarde): «Dado gigante»
A122: Dardos de gomaespuma (unidad) | B122: Otros | C122: =SUM(D122:H122) | D122: 0 | E122: 0 | F122: 1 | G122: 0 | H122: 0 | I122: YA HAY (bases) - revisar | J122: EXPLORADORES - Juegos (Tropiolimpiadas - cerbatanas) (J-16/07 tarde): «Dardos de gomaespuma (unidad)»
A123: Dobles | B123: Otros | C123: =SUM(D123:H123) | D123: 0 | E123: 0 | F123: 1 | G123: 0 | H123: 0 | I123: YA HAY (bases) - revisar | J123: EXPLORADORES - Jugger (X-22/07 tarde 2): «Dobles»
A124: Dos fotos (a mayores, no de los niños) | B124: Otros | C124: =SUM(D124:H124) | D124: 0 | E124: 1 | F124: 0 | G124: 0 | H124: 0 | I124: YA HAY (bases) - revisar | J124: LOBATOS - Territorios (V-17/07 tarde 1): «Dos fotos (a mayores, no de los niños)»
... A154: Hierros y listones para tendedero | B154: Otros | C154: =SUM(D154:H154) | D154: 0 | E154: 0 | F154: 0 | G154: 0 | H154: 1 | I154: YA HAY (bases) - revisar | J154: RUTAS ICARO - Construcciones (J-16/07): «Hierros y listones para tendedero»
A155: Hilo coreano de diferentes colores (3 m x niño) | B155: Otros | C155: =SUM(D155:H155) | D155: 0 | E155: =CONFIG!$B$3*3 | F155: 0 | G155: 0 | H155: 0 | I155: YA HAY (bases) - revisar | J155: LOBATOS - Taller de pulseras (D-19/07 tarde): «Hilo coreano de diferentes colores (3 m x niño)»
A156: Hilo de colores (fino, no lana) | B156: Otros | C156: =SUM(D156:H156) | D156: 0 | E156: 0 | F156: 0 | G156: 1 | H156: 0 | I156: YA HAY (bases) - revisar | J156: PIONEROS - Decorar fotos (Lluvia): «Hilo de colores (fino, no lana)»
A157: Hilo de colores para atar (gordito, no lana ni de pulseras fino) | B157: Otros | C157: =SUM(D157:H157) | D157: 0 | E157: 0 | F157: 0 | G157: 1 | H157: 0 | I157: YA HAY (bases) - revisar | J157: PIONEROS - Evaluación + Miss y Mister + velada (X-29/07 tarde): «Hilo de colores para atar (gordito, no lana ni de pulseras fino)»
A158: Hilo de pulsera, 7-8 colores | B158: Otros | C158: =SUM(D158:H158) | D158: 0 | E158: 0 | F158: 0 | G158: 1 | H158: 0 | I158: YA HAY (bases) - revisar | J158: PIONEROS - Pulseras (Lluvia): «Hilo de pulsera, 7-8 colores»
A159: Imperdibles | B159: Papeleria/manualidades | C159: =SUM(D159:H159) | D159: 9 | E159: 0 | F159: 0 | G159: 1 | H159: 1 | I159: COMPRAR | J159: CASTORES - Montaje de tiendas (J-16/07 mañana): «Imperdibles x4» CASTORES - Construcciones zona común (V-17/07 mañana): «Imperdibles x4» CASTORES - Taller insignias (V-17/07 tarde): «Imperdibles» PIONEROS - Pulseras (Lluvia): «Imperdibles» RUTAS ICARO - Construcciones (J-16/07): «Imperdibles»
A160: Incienso | B160: Otros | C160: =SUM(D160:H160) | D160: 0 | E160: 1 | F160: 0 | G160: 0 | H160: 0 | I160: YA HAY (bases) - revisar | J160: LOBATOS - Juegos India (V-17/07 mañana): «Incienso»
A161: Insignia de arat | B161: Otros | C161: =SUM(D161:H161) | D161: 1 | E161: 0 | F161: 0 | G161: 0 | H161: 0 | I161: YA HAY (bases) - revisar | J161: CASTORES - Consejo de troncos (V-24/07 noche): «Insignia de arat»
A162: Insignia del tronco (promesa) | B162: Otros | C162: =SUM(D162:H162) | D162: 1 | E162: 0 | F162: 0 | G162: 0 | H162: 0 | I162: YA HAY (bases) - revisar | J162: CASTORES - Consejo de troncos (V-24/07 noche): «Insignia del tronco (promesa)»
A163: Insignias territorios | B163: Otros | C163: =SUM(D163:H163) | D163: 0 | E163: 1 | F163: 0 | G163: 0 | H163: 0 | I163: YA HAY (bases) - revisar | J163: LOBATOS - Promesas + progresión personal (S-25/07 mañana): «Insignias territorios»
A164: Jarras de cocina | B164: Otros | C164: =SUM(D164:H164) | D164: 0 | E164: 0 | F164: 0 | G164: 1 | H164: 0 | I164: YA HAY (bases) - revisar | J164: PIONEROS - Juegos de agua (J-23/07 tarde 1): «Jarras de cocina»
A165: Juegos de la caja | B165: Otros | C165: =SUM(D165:H165) | D165: 0 | E165: 0 | F165: 0 | G165: 1 | H165: 0 | I165: YA HAY (bases) - revisar | J165: PIONEROS - Velada teleclub (X-22/07 noche): «Juegos de la caja»
A166: Juegos de mesa y barajas de cartas | B166: Juegos/deporte | C166: =SUM(D166:H166) | D166: 1 | E166: 2 | F166: 5 | G166: 4 | H166: 7 | I166: YA HAY (bases) - revisar | J166: CASTORES - Juegos de mesa (X-22/07 noche): «Juegos de mesa de las bases» LOBATOS - Juegos India (V-17/07 mañana): «Parchís y fichas x3» LOBATOS - Teleclub (M-21/07 noche): «Juegos de mesa» LOBATOS - Piscina pueblo (con Pioneros) (J-23/07 día): «Cartas para jugar» LOBATOS - Picoteo al estilo lobato (L-27/07 tarde-noche): «Juegos de mesa» LOBATOS - GRUPAL: Barracas - El Gran Bazar (D-26/07 tarde): «Baraja de cartas» EXPLORADORES - Teleclub (M-21/07 noche): «Caja de juegos: Gobbit, baraja de cartas, Jungle Speed, Virus...» EXPLORADORES - Actividad Clan Ícaro (Trivial) (X-22/07 tarde 1): «Tablero de trivial (impreso)» EXPLORADORES - Actividad Clan Ícaro (Trivial) (X-22/07 tarde 1): «Dados» EXPLORADORES - Actividad Clan Ícaro (Trivial) (X-22/07 tarde 1): «Fichas» EXPLORADORES - Scape room (S-25/07 tarde 1): «Candados (todos los que haya, distintos tipos)» PIONEROS - Actividad Clan Ícaro - Drogas (S-18/07 tarde 1): «Cartas» PIONEROS - Juegos de cartas tradicionales (D-19/07 noche): «Baraja española de cartas COMPLETA» PIONEROS - Velada pioneros (M-21/07 noche): «Juegos de mesa de la caja: 'El Mortal' y 'Family Business'» PIONEROS - Velada teleclub (X-22/07 noche): «Baraja de cartas» RUTAS PANDORA - Actividad de adicciones con pipis (J-16/07): «Cartas» RUTAS PANDORA - Juegos de mesa (X-22/07 noche): «Juegos de mesa nuestros y de las bases» RUTAS ICARO - Taller para Pioneros - Drogas (S-18/07): «Cartas» RUTAS ICARO - Juegos de mesa (M-21/07 noche): «Caja de juegos de mesa» RUTAS ICARO - Actividad para Tropa: Trivial (X-22/07): «Tablero de trivial (impreso)» RUTAS ICARO - Actividad para Tropa: Trivial (X-22/07): «Dados» RUTAS ICARO - Actividad para Tropa: Trivial (X-22/07): «Fichas»
A167: Lana de colores | B167: Otros | C167: =SUM(D167:H167) | D167: 0 | E167: 0 | F167: 0 | G167: 1 | H167: 0 | I167: YA HAY (bases) - revisar | J167: PIONEROS - Taller de tejer (Lluvia): «Lana de colores»
... A300: Telas, disfraces y maquillaje de caracterización | B300: Textil/disfraces | C300: =SUM(D300:H300) | D300: 8 | E300: 6 | F300: 1 | G300: 1 | H300: 0 | I300: YA HAY (bases) - revisar | J300: CASTORES - Normas de campamento + juegos (J-16/07 tarde 2): «Tela pequeña o pañoleta (pañuelito)» CASTORES - Caza Gamusino (M-21/07 noche): «6 sacos de tela» CASTORES - Lluvia: Carteles con letras chinas (Lluvia): «Telas blancas (2 por niño, tamaño bufanda)» LOBATOS - Juegos India (V-17/07 mañana): «Pinturas cara pintacaras (de pincel, no de pinturilla)» LOBATOS - Juegos India (V-17/07 mañana): «Telas de las bases» LOBATOS - GRUPAL: Velada inicial (J-16/07 noche): «Velos/telas» LOBATOS - GRUPAL: Gran Juego (S-18/07 mañana): «Pinturas de cara o maquillaje» LOBATOS - GRUPAL: Gran Juego (S-18/07 mañana): «Telas o algo para disfrazarse» LOBATOS - GRUPAL: Gran Juego (S-18/07 mañana): «Pañoletas o tela para tapar ojos» EXPLORADORES - Miss y Mister: sacos de especias (M-29/07 tarde 1): «Cuadrado de tela 10x10cm por niño» PIONEROS - Carrera de orientación (X-22/07 tarde): «Trozos de telas pequeños (o cinta reflectante) de 2 colores»
A301: Textiles para talleres (camisetas, tote bags) | B301: Textil/disfraces | C301: =SUM(D301:H301) | D301: 1 | E301: 1 | F301: 0 | G301: =CONFIG!$B$5 | H301: 0 | I301: LO TRAE EL NINO | J301: CASTORES - Diseño de camisetas (X-22/07 tarde 1): «Camiseta blanca o básica (cada castor debe llevar una)» LOBATOS - Voluntariado conjunto Lobatos-Pioneros (J-23/07 mañana): «Camiseta de cambio»
A302: Tiendas de campaña | B302: Construccion/herramientas | C302: =SUM(D302:H302) | D302: 0 | E302: 1 | F302: 1 | G302: 0 | H302: 1 | I302: YA HAY (bases) - revisar | J302: LOBATOS - Montaje (J-16/07 mañana): «Tiendas» EXPLORADORES - Construcciones rústicas (J-16/07 mañana+tarde): «Tiendas» RUTAS ICARO - Construcciones (J-16/07): «Tienda»
A303: Tijeras | B303: Papeleria/manualidades | C303: =SUM(D303:H303) | D303: 5 | E303: 4 | F303: 0 | G303: 4 | H303: 2 | I303: COMPRAR | J303: CASTORES - Montaje de tiendas (J-16/07 mañana): «Tijeras de punta redonda» CASTORES - Construcciones zona común (V-17/07 mañana): «Tijeras de punta redonda» CASTORES - Taller insignias (V-17/07 tarde): «Tijeras» CASTORES - Actividad de agua: El descenso del Ganges (V-24/07 mañana): «Tijeras» CASTORES - Cuento de imágenes (Bolsa de juegos): «Tijeras» LOBATOS - Taller de pulseras (D-19/07 tarde): «Tijeras» LOBATOS - Atrapasueños (L-27/07 tarde 1): «Tijeras» LOBATOS - Taller sexualidad: línea del tiempo (M-28/07 tarde 1): «Tijeras» LOBATOS - Tipi indio - Miss y Mister (X-29/07 tarde): «Tijeras» PIONEROS - Taller de estrellas (V-17/07 noche): «Tijeras» PIONEROS - Taller puzzle móvil (Lluvia): «Tijeras» PIONEROS - Cuenco serpentina (Lluvia): «Tijeras» PIONEROS - Pulseras (Lluvia): «Tijeras» RUTAS PANDORA - Miss y Mister (llaveros) (X-29/07 tarde): «Tijeras» RUTAS ICARO - Voluntariado Manuela (J-23/07): «Tijeras»
A304: Tronquitos (se encarga la unidad) | B304: Otros | C304: =SUM(D304:H304) | D304: 1 | E304: 0 | F304: 0 | G304: 0 | H304: 0 | I304: YA HAY (bases) - revisar | J304: CASTORES - Consejo de troncos (V-24/07 noche): «Tronquitos (se encarga la unidad)»
A305: Tubos de PVC liso 16mm cortados a 50cm (1 por explorador) | B305: Otros | C305: =SUM(D305:H305) | D305: 0 | E305: 0 | F305: 1 | G305: 0 | H305: 0 | I305: YA HAY (bases) - revisar | J305: EXPLORADORES - Juegos (Tropiolimpiadas - cerbatanas) (J-16/07 tarde): «Tubos de PVC liso 16mm cortados a 50cm (1 por explorador)»
A306: Témperas | B306: Papeleria/manualidades | C306: =SUM(D306:H306) | D306: 4 | E306: 1 | F306: 0 | G306: 0 | H306: 0 | I306: COMPRAR | J306: CASTORES - Gran Juego: El Taj perdido (con Lobatos) (S-18/07 tarde 1): «Témperas (colores a concretar)» CASTORES - Actividad de agua: El descenso del Ganges (V-24/07 mañana): «Témperas y 10 pinceles» CASTORES - Taller de arcilla (S-25/07 tarde 1): «Botes de témperas» CASTORES - Taller pintar piedras (Bolsa de juegos): «Pinceles y témperas» LOBATOS - El Taj perdido (con Castores) (S-18/07 tarde 1): «Témperas»
A307: Tótem 'Paco' | B307: Otros | C307: =SUM(D307:H307) | D307: 1 | E307: 0 | F307: 0 | G307: 0 | H307: 0 | I307: YA HAY (bases) - revisar | J307: CASTORES - Consejo de troncos (V-24/07 noche): «Tótem 'Paco'»
A308: Un banco | B308: Otros | C308: =SUM(D308:H308) | D308: 0 | E308: 1 | F308: 0 | G308: 0 | H308: 1 | I308: YA HAY (bases) - revisar | J308: LOBATOS - Actividad lobatos (Clan Ícaro - Charlie y David) (J-23/07 tarde 2): «Un banco» RUTAS ICARO - Actividad para Lobatos (Charlie y David) (J-23/07): «Un banco»
A309: Una caja de cartón | B309: Otros | C309: =SUM(D309:H309) | D309: 0 | E309: 1 | F309: 0 | G309: 0 | H309: 0 | I309: YA HAY (bases) - revisar | J309: LOBATOS - Tipi indio - Miss y Mister (X-29/07 tarde): «Una caja de cartón»
A310: Vasija | B310: Otros | C310: =SUM(D310:H310) | D310: 0 | E310: 1 | F310: 0 | G310: 0 | H310: 0 | I310: YA HAY (bases) - revisar | J310: LOBATOS - GRUPAL: Barracas - El Gran Bazar (D-26/07 tarde): «Vasija»
A311: Vasitos o cucharitas | B311: Otros | C311: =SUM(D311:H311) | D311: 0 | E311: 1 | F311: 0 | G311: 0 | H311: 0 | I311: YA HAY (bases) - revisar | J311: LOBATOS - GRUPAL: Día guarro (X-22/07 día): «Vasitos o cucharitas»
A312: Velas | B312: Iluminacion/electronica | C312: =SUM(D312:H312) | D312: 0 | E312: 0 | F312: 0 | G312: 0 | H312: 4 | I312: COMPRAR | J312: RUTAS PANDORA - Línea de la vida (Volante noche): «Velas pequeñas (15)» RUTAS PANDORA - PPV (velada) (V-24/07 noche): «Velas altas» RUTAS ICARO - Línea de la vida (Volante noche): «Velas pequeñas (15)» RUTAS ICARO - OLIMPIADAS (grupal) (X-29/07 mañana): «Velas»
A313: Walkie-talkies | B313: Iluminacion/electronica | C313: =SUM(D313:H313) | D313: 1 | E313: 1 | F313: 1 | G313: 0 | H313: 0 | I313: YA HAY (bases) - revisar | J313: CASTORES - Acampada volante (x3 días) (D-19 a M-21/07): «Chalecos y Walkie talkies» LOBATOS - Ruta volante (x3 días) (D-19 a M-21/07): «Chalecos y Walkie talkies» EXPLORADORES - Volante (x3 días) (D-19 a M-21/07): «Walkie-talkies»

Sheet CASTORES
A1: FECHA / MOMENTO | B1: ACTIVIDAD | C1: MATERIAL (literal del docx)
A2: J-16/07 mañana | B2: Montaje de tiendas | C2: Tienda de campaña x2 Listones Tablas de madera Cuerda pita- 2 rollos Tijeras de punta redonda Martillo de goma Lona + segunda estructura de tienda (mochilero) Listones de los viejos para estructuras y mástil Bandera de castores Poleas para banderas Imperdibles x4
A3: J-16/07 tarde 1 | B3: Organizar mochilero | C3: Cajas grandes de cartón del chino por niño +3
A4: J-16/07 tarde 2 | B4: Normas de campamento + juegos | C4: Papel continuo 1m x 1m Rotuladores Celo gordo Tela pequeña o pañoleta (pañuelito) Balón
A5: V-17/07 mañana | B5: Construcciones zona común | C5: Listones Tablas de madera Cuerda pita- 2 rollos Tijeras de punta redonda Martillo de goma Listones de los viejos para estructuras y mástil Bandera de castores Poleas para banderas Imperdibles x4
A6: V-17/07 tarde | B6: Taller insignias | C6: Goma eva de colores Imperdibles Pompones pequeños Tijeras Pegamentos Silicona líquida para pegar los imperdibles
A7: V-17/07 tarde 2 | B7: T.E.G.A. (Torneo de Globos) | C7: Papel plastificado (lo lleva la comisión) Celo 150 globos 4 tobilleras de gimnasio o similares (ref Temu en el doc)
A8: V-17/07 noche | B8: Rastreo nocturno | C8: Cintas reflectantes amarillas Cintas reflectantes naranjas Paquete de sobres Leyendas de las constelaciones (comisión) - imprimir antes
A9: S-18/07 tarde 1 | B9: Gran Juego: El Taj perdido (con Lobatos) | C9: Témperas (colores a concretar) Taj Mahal impreso (se encarga la unidad) Pinceles Papel seda de colores Folios Balde Agua Goma eva de colores (vale con recortes) Pajitas Arco Papel continuo 1x1
A10: S-18/07 tarde 2 | B10: Hacer mochilas acampada volante | C10: Mochilas de cada castor Ropa Papel continuo Rotuladores
A11: S-18/07 noche | B11: Taller constelaciones | C11: Aislantes 3 mantas Puntero láser Altavoz (música relajante) Texto reflexión 'El Tren de los Sueños de Plata' (imprimir) Imagen de constelaciones (imprimir) Frontal o linterna del móvil
A12: D-19 a M-21/07 | B12: Acampada volante (x3 días) | C12: Lumi gas Comida del día (menú de volantes) Botiquín Chalecos y Walkie talkies Gorras y cantimploras Cazuela y cuchara de madera Mechero Crema solar Bolsas de basura Fairy Estropajo Títulos fotocopia Tarjetas sanitarias niños
... A36: 19-21/07 | B36: MENÚ VOLANTE (para 14: 12 castores + 2 GC) | C36: Manzanas 14 Filetes de lomo 70 Tranchetes 32 Paté 5 latas Noodles 10 paquetes Salchichas 8 paquetes Leche deshidratada para 8L Cola Cao a ojo Galletas 14 rulos Pasta carbonara 9 paquetes Nocilla 2 botes Sopa 5 sobres Salchichón 1 rulo Tang 3 sobres de cada sabor Frutos secos variados Leche condensada antigoteo 2 botes Bolsas zip 1 paquete Sal en papel albal Fairy Estropajo Pan 4 barras A mayores: bolsas de basura, papel albal, chalecos, papel higiénico, 1 cazuela grande o 2 pequeñas, cuchara de madera, 1 quemador y 1 bombona pequeña desechables, mechero, botiquín, walkie talkies, plato/poto/cubiertos GC

Sheet LOBATOS
A1: FECHA / MOMENTO | B1: ACTIVIDAD | C1: MATERIAL (literal del docx)
A2: J-16/07 mañana | B2: Montaje | C2: Tiendas Hierros Tablas Listones Piquetas Mazas
A3: J-16/07 tarde 1 | B3: Construcción de parcela | C3: Listones Elementos de la naturaleza Mazas Cuerda pita Clavos
A4: J-16/07 tarde 2 | B4: Juegos | C4: Conos chinos Balón goma espuma Pañoletas
A5: V-17/07 mañana | B5: Juegos India | C5: Pinturas cara pintacaras (de pincel, no de pinturilla) Fieltro marrón oscuro x4 láminas A3 (bandas de flecos indias) Telas de las bases Piedras (de la campa) Una cazuela Pelota de tenis Parchís y fichas x3 Incienso
A6: V-17/07 tarde 1 | B6: Territorios | C6: Cartulinas A4 Dos fotos (a mayores, no de los niños) Cuerda pita (1m) Papel albal Precinto
A7: V-17/07 tarde 2 | B7: De aventura en la India | C7: Pañoleta Aros Bancos Comba Conos chinos Pelota blanda
A8: V-17/07 noche | B8: Juegos nocturnos | C8: Frontales Silbatos Objetos varios que se cojan de material
A9: S-18/07 tarde 1 | B9: El Taj perdido (con Castores) | C9: Témperas Taj Mahal impreso (se encarga la unidad) Pinceles Papel seda de colores Folios Balde Agua Goma eva de colores (recortes) Pajitas Arco Papel continuo 1x1
A10: S-18/07 tarde 2 | B10: Preparación mochila | C10: Papel continuo Rotulador Bolsas de basura grande 1 x niño Bolsa de basura mediana 1 x niño
A11: D-19 a M-21/07 | B11: Ruta volante (x3 días) | C11: Mapas 312-I, 315-II, 315-IV, 316-III Lumi gas Comida del día (menú de volantes) Botiquín Chalecos y Walkie talkies Gorras y cantimploras Cazuela y cuchara de madera Mechero Crema solar Bolsas de basura Papel higiénico Fairy Estropajo Títulos fotocopia Tarjetas sanitarias niños
A12: D-19/07 tarde | B12: Taller de pulseras | C12: Hilo coreano de diferentes colores (3 m x niño) Celo Tijeras
... A42: D-26/07 tarde | B42: GRUPAL: Barracas - El Gran Bazar | C42: (De la descripción) Garbanzos dorados (rupias) Baraja de cartas Balde de agua Canicas Saco de seda 3 cilindros con dibujos (tragaperras) 100 boletos lotería Latas de coca-cola con piedras Placa de cartón + puntas (plinko) Dado gigante Pelotas de ping pong Vasija Vaso de chupito Monedas de céntimo Aro y cono

Sheet EXPLORADORES
A1: FECHA / MOMENTO | B1: ACTIVIDAD | C1: MATERIAL (literal del docx)
A2: J-16/07 mañana+tarde | B2: Construcciones rústicas | C2: 2 rollos de pita grandes 6 alcotanas Maderas varias para parcela y FELSA Clavos (indeterminados) 2 poleas para bandera Tiendas Piquetas Listón para mástil Listón para potero Listones para portada Estructura para mochilero con hierros y lonas Estructura para tendedero
A3: J-16/07 tarde | B3: Juegos (Tropiolimpiadas - cerbatanas) | C3: Tubos de PVC liso 16mm cortados a 50cm (1 por explorador) Lanzadoras tipo Nerf (unidad, solo monitores) Dardos de gomaespuma (unidad) Lija de grano fino Cinta aislante de colores 30 pinzas de 3 colores distintos (10 de cada)
A4: V-17/07 mañana | B4: Presentación profunda | C4: Tarjetas de personajes (unidad) Cofre cerrado con candado y varias llaves Folios y rotuladores 5 sobres Post-its (3 como mucho)
A5: V-17/07 tarde 1 | B5: Construcciones adicionales | C5: Sombrajo Clavos Cuerda gruesa (ni soga ni pita) Tablones de madera Tablita para columpio Tablas rotas Listones circulares
A6: V-17/07 tarde 2 | B6: Inauguración de la FELSA | C6: (Se encarga la unidad) Cuadrilátero acabado Corchera Nombres de los niños Rana de sorteo Chinchetas Caja con pañoletas de juego, cinturones, silbato, pañoleta de ganador Cancioneros
A7: V-17/07 noche | B7: Velada de código morse | C7: Silbato o linterna x3 Folios (unos 4) 2 rotuladores 5 objetos 'tesoro': 2 mazas, 2 telas/objetos amarillos, 2 pinceles, 2 botellines o latas
A8: S-18/07 tarde 1 | B8: Taller de hornillo | C8: Lata de aluminio 2 por niño Alcohol 96º Alambre Mechero
A9: S-18/07 tarde 2 | B9: Preparación de volantes | C9: Bolsas de basura (para guardar ropa) Botiquín con lo indispensable (kraalete) Comida volante
A10: S-18/07 noche | B10: Preparación de volantes (noche) | C10: Mapas Frontales Lumi Brújula
A11: D-19 a M-21/07 | B11: Volante (x3 días) | C11: Mapas Comida Menaje Botiquín unidad Chalecos Navaja Mochilas volante Brújulas Walkie-talkies
A12: D-19/07 tarde | B12: Taller de relajación | C12: Esterilla
... A35: Lluvia | B35: Guardián de las llaves / Pueblo duerme | C35: Manojo de llaves o cascabel Pañoleta para vendar ojos Periódico enrollado o churro de piscina Pinzas (cobras)

Sheet PIONEROS
A1: FECHA / MOMENTO | B1: ACTIVIDAD | C1: MATERIAL (literal del docx)
A2: J-16 y V-17/07 | B2: Construcciones | C2: 10m sombrajo 100m cuerda pita 5 listones (puerta + sombrajo) Alcotanas
A3: V-17/07 tarde | B3: Gymkhana deportes | C3: Bancos, mesa (circuito) Conos bajos de colores Cuerda gorda (sogatira) Palas de playa y pelota Palas de ping pong y pelotitas Red de volleyball Petanca Medallas de goma eva (las hace el kraalete)
A4: V-17/07 noche | B4: Taller de estrellas | C4: Cartulinas amarillas 2 A4 Precinto Bolígrafos/Rotus Tijeras Cuento/leyendas de estrellas Aislantes (los suyos)
A5: S-18/07 tarde 1 | B5: Actividad Clan Ícaro - Drogas | C5: Papel Boli Botellas de plástico Algodón Cigarrillos Mechero Balde Cartas
A6: S-18/07 tarde 2 | B6: Preparación volantes | C6: Comida volantes y menaje Botiquín pequeño Rafias
A7: S-18/07 noche | B7: Preparación volantes (noche) | C7: Mapas (poner números) Frontales Lumis
A8: D-19 a M-21/07 | B8: Volantes (x3 días) | C8: Mapa hoja 316 21-13 Quintanar de la Sierra Comida + menaje Botiquín unidad Chalecos Navaja Mochilas volante Reflexiones
A9: D-19/07 noche | B9: Juegos de cartas tradicionales | C9: Baraja española de cartas COMPLETA
A10: M-21/07 tarde | B10: Piscina pueblo Quintanar | C10: (Lo trae el niño) Toalla Bañador y chanclas Mochila pequeña
A11: L-20/07 noche | B11: Pulseras | C11: Gomitas de colores para pulseras Cordino y cuerda para pulseras y trenzas de pelo
A12: M-21/07 tarde 2 | B12: Relax | C12: Altavoz (kraalete) y móvil Cremita aftersun Aislantes (los nuestros)
... A36: Lluvia | B36: Pintar mandalas | C36: Mandalas (fotocopiar) Pinturas de palo Rotuladores de colores

Sheet RUTAS PANDORA
A1: FECHA / MOMENTO | B1: ACTIVIDAD | C1: MATERIAL (literal del docx)
A2: J-16/07 | B2: Actividad de adicciones con pipis | C2: Papel Boli Botella de plástico Algodón Cigarrillos Mechero Balde Cartas
A3: V-17/07 | B3: PPV | C3: Cuerda Post-its Bolígrafos Folios Permanentes Rotuladores
A4: S-18/07 | B4: Preparación acampada volante | C4: Mapas de la zona (pdte)
A5: D-19 a M-21/07 | B5: Acampada volante (x3 días) | C5: Camping gas Comida del día Cazuelas y cucharas de madera Chalecos Mapas de la zona 316I, 316III, 348I y 348III Botiquín Cerillas o mechero Limpieza (bolsas basura, fairy, estropajo) Títulos fotocopiados Tarjetas sanitarias
A6: Volante noche | B6: Línea de la vida | C6: Velas pequeñas (15) Cerillas/mecheros Aislantes Reflexiones
A7: X-22/07 | B7: Estiramientos post-volante | C7: Esterillas
A8: X-22/07 noche | B8: Juegos de mesa | C8: Juegos de mesa nuestros y de las bases
A9: J-23/07 | B9: Cocina con hándicaps (gyozas/empanadillas) | C9: Cinta aislante Pañoleta (vendar ojos) Cascos inalámbricos y un móvil (o tapones) Camping gas Bandejas Papel film Comida: masa de empanadillas 750g harina de trigo Sal 1L caldo de pollo 2 pechugas de pollo 4 huevos 4 dientes de ajo Salsa de soja Jengibre 1 cebolleta 2 puerros Salmón Carne picada de cerdo 250g Pimienta Aceite Agua
A10: J-23/07 noche | B10: Debates con roles | C10: Papel Boli
A11: V-24/07 | B11: Voluntariado Neila | C11: Falta confirmar si dejan todo o llevamos nosotros Coche/furgo para llegar
A12: V-24/07 noche | B12: PPV (velada) | C12: Velas altas Mantas Altavoz Mini tronquitos Permanentes finos negros Cajas pandora (ellas)
... A22: Reserva | B22: Carrera de orientación | C22: Mapa de la zona Brújulas Pinzas de orientación

Sheet RUTAS ICARO
A1: FECHA / MOMENTO | B1: ACTIVIDAD | C1: MATERIAL (literal del docx)
A2: J-16/07 | B2: Construcciones | C2: Tienda Cuerda pita Mástil Bandera rutas Imperdibles Cordino para bandera Portada: 6 listones Cartel rutas Hierros y listones para tendedero Listones sobrantes
A3: V-17/07 | B3: Taller Eva | C3: Folios Bolis
A4: V-17/07 | B4: Taller David | C4: Folios Bolígrafo Bingo (David)
A5: V-17/07 | B5: PPV (Vali) | C5: Cuadernos PPV (los suyos) Bolis Tarjetas mochila a color impresa (A5) Rotus de colores Papelitos dinámica
A6: V-17/07 noche | B6: Velada Vision Board | C6: Cartulina A3 grises claras Periódicos y revistas (un par de cada) Rotuladores de colores y permanentes Bolis
A7: S-18/07 | B7: Taller para Pioneros - Drogas | C7: Papel Boli Botellas de plástico Algodón Cigarrillos Mechero Balde Cartas
A8: S-18/07 | B8: Actividad moverse (Charlie) | C8: Pelotas Cuerda Papel Un boli
A9: S-18/07 noche | B9: Preparación volantes | C9: Mapas de la zona 316I, 316III, 348I y 348III Comida y menaje Botiquín unidad Chalecos
A10: D-19 a M-21/07 | B10: Volantes (x3 días) | C10: Mapas de la zona 316I, 316III, 348I y 348III Comida y menaje Botiquín unidad Chalecos Mochilas volante Cordino
A11: Volante noche | B11: Línea de la vida | C11: Velas pequeñas (15) Mechero/cerillas Aislantes Reflexiones y preguntas fotocopiadas (Vali)
A12: M-21/07 | B12: Talleres personales (Charlie) | C12: Rotus Navaja Una fruta para cada uno (naranja)
... A28: X-29/07 mañana | B28: OLIMPIADAS (grupal) | C28: Hierros de tiendas de 3-4 tamaños Bancos del comedor Balón Mantas Cuerda pita Martillo Clavos Potos/vasos Pelotas de pin-pon Dos pañoletas Vaso de plástico Velas Mechero Sacos para carrera de sacos

Sheet ALIMENTACIÓN
A1: -- INGREDIENTES DE TALLERES DE COCINA --
A2: UNIDAD | B2: FECHA / DÍA | C2: TALLER DE COCINA | D2: INGREDIENTES REQUERIDOS
A3: CASTORES | B3: D-19 a M-21/07 | C3: Acampada volante (x3 días) | D3: Comida del día (menú de volantes)
A4: CASTORES | B4: D-19 a M-21/07 | C4: Acampada volante (x3 días) | D4: Estropajo
A5: CASTORES | B5: M-21/07 tarde 2 | C5: Taller de tortitas (con Exploradores) | D5: Toppings: Nocilla x3, chocolate x3, mermelada x4 botes Medidas por niño: Harina 80-100g, Leche 100-120ml, 1/2 huevo, 1 cda azúcar, dado de mantequilla, pizca levadura en polvo, pizca de sal
A6: CASTORES | B6: M-21/07 tarde 2b | C6: Taller pulseras (lo dan Exploradores) | D6: Cordino (1.5 m por participante)
A7: CASTORES | B7: J-23/07 mañana | C7: Taller de cocina - Nariyal Ladoo | D7: Fruta en almíbar sobrante Compra (20 niños): Coco rallado 1kg Leche condensada 2 botes grandes (740g) Granadina 1 botella Mantequilla 1 bote Cardamomo 2 botes de semillas (o 1 en polvo)
A8: LOBATOS | B8: D-19 a M-21/07 | C8: Ruta volante (x3 días) | D8: Comida del día (menú de volantes)
A9: LOBATOS | B9: D-19 a M-21/07 | C9: Ruta volante (x3 días) | D9: Estropajo
A10: LOBATOS | B10: J-23/07 mañana | C10: Voluntariado conjunto Lobatos-Pioneros | D10: Comida
A11: LOBATOS | B11: J-23/07 día | C11: Piscina pueblo (con Pioneros) | D11: Comida al pueblo (bocadillo)
A12: LOBATOS | B12: V-24/07 tarde 1 | C12: Clan Ícaro: brújula casera y potabilizar | D12: Harina
A13: LOBATOS | B13: V-24/07 tarde 1 | C13: Clan Ícaro: brújula casera y potabilizar | D13: Sal
... A61: RUTAS ICARO | B61: L-27 a M-28/07 | C61: Raids | D61: Huevos cocidos
A64: -- MENÚ DE VOLANTES (Ingredientes Desglosados) --
A65: UNIDAD | B65: FECHA / DÍA | C65: ACTIVIDAD / ORIGEN | D65: INGREDIENTE / CANTIDAD
A66: CASTORES | B66: 19-21/07 | C66: MENÚ VOLANTE (para 14: 12 castores + 2 GC) | D66: Manzanas 14
A67: CASTORES | B67: 19-21/07 | C67: MENÚ VOLANTE (para 14: 12 castores + 2 GC) | D67: Filetes de lomo 70
A68: CASTORES | B68: 19-21/07 | C68: MENÚ VOLANTE (para 14: 12 castores + 2 GC) | D68: Tranchetes 32
A69: CASTORES | B69: 19-21/07 | C69: MENÚ VOLANTE (para 14: 12 castores + 2 GC) | D69: Paté 5 latas
A70: CASTORES | B70: 19-21/07 | C70: MENÚ VOLANTE (para 14: 12 castores + 2 GC) | D70: Noodles 10 paquetes
A71: CASTORES | B71: 19-21/07 | C71: MENÚ VOLANTE (para 14: 12 castores + 2 GC) | D71: Salchichas 8 paquetes
A72: CASTORES | B72: 19-21/07 | C72: MENÚ VOLANTE (para 14: 12 castores + 2 GC) | D72: Leche deshidratada para 8L
A73: CASTORES | B73: 19-21/07 | C73: MENÚ VOLANTE (para 14: 12 castores + 2 GC) | D73: Cola Cao a ojo
A74: CASTORES | B74: 19-21/07 | C74: MENÚ VOLANTE (para 14: 12 castores + 2 GC) | D74: Galletas 14 rulos
A75: CASTORES | B75: 19-21/07 | C75: MENÚ VOLANTE (para 14: 12 castores + 2 GC) | D75: Pasta carbonara 9 paquetes
A76: CASTORES | B76: 19-21/07 | C76: MENÚ VOLANTE (para 14: 12 castores + 2 GC) | D76: Nocilla 2 botes
... A87: CASTORES | B87: 19-21/07 | C87: MENÚ VOLANTE (para 14: 12 castores + 2 GC) | D87: A mayores: bolsas de basura, papel albal, chalecos, papel higiénico, 1 cazuela grande o 2 pequeñas, cuchara de madera, 1 quemador y 1 bombona pequeña desechables, mechero, botiquín, walkie talkies, plato/poto/cubiertos GC (limpieza/material - ver lista principal)

Sheet REPARTO CAJAS
A1: MATERIAL | B1: CAJA | C1: CANTIDAD REPARTIDA
